{
  "$schema": "http://json-schema.org/draft-07/schema#",
  "title": "User Profile",
  "description": "Set up your RentFreely profile",
  "type": "object",
  "properties": {
    "app_role": {
      "type": "string",
      "title": "How do you want to use RentFreely?",
      "oneOf": [
        { "const": "tenant", "title": "I'm looking for a house" },
        { "const": "landlord", "title": "I have a property to list" }
      ]
    },
    "phone_number": {
      "type": "string",
      "title": "Phone Number",
      "description": "Your active phone number (e.g. 0771234567 or +256771234567)",
      "pattern": "^(\\+256|0)[0-9]{9}$"
    }
  },
  "required": ["app_role", "phone_number"]
}
