{
  "$schema": "http://json-schema.org/draft-07/schema#",
  "title": "List Your Rental Property",
  "description": "Register a house or apartment available for rent on RentFreely",
  "type": "object",
  "properties": {
    "region": {
      "type": "string",
      "title": "Region",
      "oneOf": [
        { "const": "Central", "title": "Central Region" },
        { "const": "Eastern", "title": "Eastern Region" },
        { "const": "Northern", "title": "Northern Region" },
        { "const": "Western", "title": "Western Region" }
      ]
    },
    "district": {
      "type": "string",
      "title": "District",
      "oneOf": [
        { "const": "Buikwe", "title": "Buikwe" },
        { "const": "Bukomansimbi", "title": "Bukomansimbi" },
        { "const": "Butambala", "title": "Butambala" },
        { "const": "Buvuma", "title": "Buvuma" },
        { "const": "Gomba", "title": "Gomba" },
        { "const": "Kalangala", "title": "Kalangala" },
        { "const": "Kalungu", "title": "Kalungu" },
        { "const": "Kampala", "title": "Kampala" },
        { "const": "Kassanda", "title": "Kassanda" },
        { "const": "Kayunga", "title": "Kayunga" },
        { "const": "Kiboga", "title": "Kiboga" },
        { "const": "Kyankwanzi", "title": "Kyankwanzi" },
        { "const": "Kyotera", "title": "Kyotera" },
        { "const": "Luwero", "title": "Luwero" },
        { "const": "Lwengo", "title": "Lwengo" },
        { "const": "Lyantonde", "title": "Lyantonde" },
        { "const": "Masaka", "title": "Masaka" },
        { "const": "Mityana", "title": "Mityana" },
        { "const": "Mpigi", "title": "Mpigi" },
        { "const": "Mubende", "title": "Mubende" },
        { "const": "Mukono", "title": "Mukono" },
        { "const": "Nakaseke", "title": "Nakaseke" },
        { "const": "Nakasongola", "title": "Nakasongola" },
        { "const": "Rakai", "title": "Rakai" },
        { "const": "Sembabule", "title": "Sembabule" },
        { "const": "Wakiso", "title": "Wakiso" },
        { "const": "Amudat", "title": "Amudat" },
        { "const": "Amuria", "title": "Amuria" },
        { "const": "Budaka", "title": "Budaka" },
        { "const": "Bududa", "title": "Bududa" },
        { "const": "Bugiri", "title": "Bugiri" },
        { "const": "Bugweri", "title": "Bugweri" },
        { "const": "Bukedea", "title": "Bukedea" },
        { "const": "Bukwo", "title": "Bukwo" },
        { "const": "Bulambuli", "title": "Bulambuli" },
        { "const": "Busia", "title": "Busia" },
        { "const": "Butaleja", "title": "Butaleja" },
        { "const": "Butebo", "title": "Butebo" },
        { "const": "Buyende", "title": "Buyende" },
        { "const": "Iganga", "title": "Iganga" },
        { "const": "Jinja", "title": "Jinja" },
        { "const": "Kaberamaido", "title": "Kaberamaido" },
        { "const": "Kalaki", "title": "Kalaki" },
        { "const": "Kaliro", "title": "Kaliro" },
        { "const": "Kamuli", "title": "Kamuli" },
        { "const": "Kapelebyong", "title": "Kapelebyong" },
        { "const": "Kapchorwa", "title": "Kapchorwa" },
        { "const": "Katakwi", "title": "Katakwi" },
        { "const": "Kibuku", "title": "Kibuku" },
        { "const": "Kumi", "title": "Kumi" },
        { "const": "Luuka", "title": "Luuka" },
        { "const": "Manafwa", "title": "Manafwa" },
        { "const": "Mayuge", "title": "Mayuge" },
        { "const": "Mbale", "title": "Mbale" },
        { "const": "Namisindwa", "title": "Namisindwa" },
        { "const": "Namayingo", "title": "Namayingo" },
        { "const": "Namutumba", "title": "Namutumba" },
        { "const": "Ngora", "title": "Ngora" },
        { "const": "Pallisa", "title": "Pallisa" },
        { "const": "Serere", "title": "Serere" },
        { "const": "Sironko", "title": "Sironko" },
        { "const": "Soroti", "title": "Soroti" },
        { "const": "Tororo", "title": "Tororo" },
        { "const": "Abim", "title": "Abim" },
        { "const": "Adjumani", "title": "Adjumani" },
        { "const": "Agago", "title": "Agago" },
        { "const": "Alebtong", "title": "Alebtong" },
        { "const": "Amolatar", "title": "Amolatar" },
        { "const": "Amuru", "title": "Amuru" },
        { "const": "Apac", "title": "Apac" },
        { "const": "Arua", "title": "Arua" },
        { "const": "Dokolo", "title": "Dokolo" },
        { "const": "Gulu", "title": "Gulu" },
        { "const": "Kaabong", "title": "Kaabong" },
        { "const": "Karenga", "title": "Karenga" },
        { "const": "Kitgum", "title": "Kitgum" },
        { "const": "Koboko", "title": "Koboko" },
        { "const": "Kole", "title": "Kole" },
        { "const": "Kotido", "title": "Kotido" },
        { "const": "Kwania", "title": "Kwania" },
        { "const": "Lamwo", "title": "Lamwo" },
        { "const": "Lira", "title": "Lira" },
        { "const": "Maracha", "title": "Maracha" },
        { "const": "Moroto", "title": "Moroto" },
        { "const": "Moyo", "title": "Moyo" },
        { "const": "Nabilatuk", "title": "Nabilatuk" },
        { "const": "Nakapiripirit", "title": "Nakapiripirit" },
        { "const": "Napak", "title": "Napak" },
        { "const": "Nebbi", "title": "Nebbi" },
        { "const": "Nwoya", "title": "Nwoya" },
        { "const": "Obongi", "title": "Obongi" },
        { "const": "Omoro", "title": "Omoro" },
        { "const": "Otuke", "title": "Otuke" },
        { "const": "Oyam", "title": "Oyam" },
        { "const": "Pader", "title": "Pader" },
        { "const": "Pakwach", "title": "Pakwach" },
        { "const": "Terego", "title": "Terego" },
        { "const": "Yumbe", "title": "Yumbe" },
        { "const": "Zombo", "title": "Zombo" },
        { "const": "Buhweju", "title": "Buhweju" },
        { "const": "Buliisa", "title": "Buliisa" },
        { "const": "Bundibugyo", "title": "Bundibugyo" },
        { "const": "Bunyangabu", "title": "Bunyangabu" },
        { "const": "Bushenyi", "title": "Bushenyi" },
        { "const": "Hoima", "title": "Hoima" },
        { "const": "Ibanda", "title": "Ibanda" },
        { "const": "Isingiro", "title": "Isingiro" },
        { "const": "Kabale", "title": "Kabale" },
        { "const": "Kabarole", "title": "Kabarole" },
        { "const": "Kagadi", "title": "Kagadi" },
        { "const": "Kakumiro", "title": "Kakumiro" },
        { "const": "Kamwenge", "title": "Kamwenge" },
        { "const": "Kanungu", "title": "Kanungu" },
        { "const": "Kasese", "title": "Kasese" },
        { "const": "Kazo", "title": "Kazo" },
        { "const": "Kibaale", "title": "Kibaale" },
        { "const": "Kikuube", "title": "Kikuube" },
        { "const": "Kiruhura", "title": "Kiruhura" },
        { "const": "Kiryandongo", "title": "Kiryandongo" },
        { "const": "Kisoro", "title": "Kisoro" },
        { "const": "Kitagwenda", "title": "Kitagwenda" },
        { "const": "Kyenjojo", "title": "Kyenjojo" },
        { "const": "Masindi", "title": "Masindi" },
        { "const": "Mbarara", "title": "Mbarara" },
        { "const": "Mitooma", "title": "Mitooma" },
        { "const": "Ntoroko", "title": "Ntoroko" },
        { "const": "Ntungamo", "title": "Ntungamo" },
        { "const": "Rubanda", "title": "Rubanda" },
        { "const": "Rubirizi", "title": "Rubirizi" },
        { "const": "Rukiga", "title": "Rukiga" },
        { "const": "Rukungiri", "title": "Rukungiri" },
        { "const": "Rwampara", "title": "Rwampara" },
        { "const": "Sheema", "title": "Sheema" }
      ]
    },
    "county": {
      "type": "string",
      "title": "County",
      "description": "The county where the property is located"
    },
    "sub_county": {
      "type": "string",
      "title": "Sub-County / Municipality / Division",
      "description": "Sub-County (rural) or Municipality/Division (urban)"
    },
    "parish": {
      "type": "string",
      "title": "Parish / Ward",
      "description": "Parish (rural) or Ward (urban)"
    },
    "village": {
      "type": "string",
      "title": "Village / Cell",
      "description": "Village (rural) or Cell (urban)"
    },
    "specific_address": {
      "type": "string",
      "title": "Street / Landmark / Directions",
      "description": "Any helpful details to locate the property (e.g., near Total petrol station)"
    },
    "gps_location": {
      "type": "string",
      "format": "gps",
      "title": "GPS Location"
    },
    "title": {
      "type": "string",
      "title": "Property Title",
      "description": "A short, descriptive title (e.g., '2 Bedroom Apartment in Ntinda')",
      "minLength": 5,
      "maxLength": 100
    },
    "description": {
      "type": "string",
      "title": "Description",
      "description": "Describe the property — what makes it special, surroundings, etc."
    },
    "house_type": {
      "type": "string",
      "title": "Property Type",
      "oneOf": [
        { "const": "single_room", "title": "Single Room" },
        { "const": "double_room", "title": "Double Room" },
        { "const": "bedsitter", "title": "Bedsitter / Studio" },
        { "const": "1_bedroom", "title": "1 Bedroom Apartment" },
        { "const": "2_bedroom", "title": "2 Bedroom Apartment" },
        { "const": "3_bedroom", "title": "3 Bedroom Apartment" },
        { "const": "4_plus_bedroom", "title": "4+ Bedroom Apartment" },
        { "const": "standalone", "title": "Standalone House" },
        { "const": "bungalow", "title": "Bungalow" },
        { "const": "mansion", "title": "Mansion" },
        { "const": "shop", "title": "Shop / Commercial Space" },
        { "const": "office", "title": "Office Space" },
        { "const": "warehouse", "title": "Warehouse / Godown" },
        { "const": "other", "title": "Other" }
      ]
    },
    "num_bedrooms": {
      "type": "integer",
      "title": "Number of Bedrooms",
      "minimum": 0,
      "maximum": 20
    },
    "num_bathrooms": {
      "type": "integer",
      "title": "Number of Bathrooms / Toilets",
      "minimum": 0,
      "maximum": 10
    },
    "is_self_contained": {
      "type": "boolean",
      "title": "Self-Contained",
      "description": "Does the unit have its own bathroom/toilet inside?"
    },
    "is_furnished": {
      "type": "boolean",
      "title": "Furnished",
      "description": "Does the property come with furniture?"
    },
    "has_running_water": {
      "type": "boolean",
      "title": "Running Water"
    },
    "has_electricity": {
      "type": "boolean",
      "title": "Electricity (UMEME)"
    },
    "has_parking": {
      "type": "boolean",
      "title": "Parking Space"
    },
    "has_security": {
      "type": "boolean",
      "title": "Security (Guard / Gate)"
    },
    "has_compound": {
      "type": "boolean",
      "title": "Compound / Yard"
    },
    "has_kitchen": {
      "type": "boolean",
      "title": "Kitchen (Separate)"
    },
    "has_living_room": {
      "type": "boolean",
      "title": "Living Room / Sitting Room"
    },
    "has_balcony": {
      "type": "boolean",
      "title": "Balcony / Veranda"
    },
    "monthly_rent_ugx": {
      "type": "integer",
      "title": "Monthly Rent (UGX)",
      "description": "Rent amount in Uganda Shillings per month",
      "minimum": 10000,
      "maximum": 50000000
    },
    "security_deposit_ugx": {
      "type": "integer",
      "title": "Security Deposit (UGX)",
      "description": "One-time security deposit amount in UGX (if applicable)",
      "minimum": 0
    },
    "payment_terms": {
      "type": "string",
      "title": "Payment Terms",
      "oneOf": [
        { "const": "monthly", "title": "Monthly" },
        { "const": "quarterly", "title": "Quarterly (3 months)" },
        { "const": "biannually", "title": "Every 6 Months" },
        { "const": "annually", "title": "Annually (1 year)" }
      ]
    },
    "photo_front": {
      "type": "object",
      "format": "photo",
      "title": "Front View Photo",
      "description": "Take a clear photo of the property from the front"
    },
    "photo_interior": {
      "type": "object",
      "format": "photo",
      "title": "Interior / Living Area Photo",
      "description": "Show the main living space inside"
    },
    "photo_bedroom": {
      "type": "object",
      "format": "photo",
      "title": "Bedroom Photo",
      "description": "Show one of the bedrooms"
    },
    "photo_bathroom": {
      "type": "object",
      "format": "photo",
      "title": "Bathroom / Toilet Photo",
      "description": "Show the bathroom or toilet facilities"
    },
    "photo_extra": {
      "type": "object",
      "format": "photo",
      "title": "Extra Photo (Optional)",
      "description": "Kitchen, compound, view, or any other feature"
    },
    "landlord_name": {
      "type": "string",
      "title": "Contact Name",
      "description": "Name of the landlord or property manager",
      "minLength": 2
    },
    "landlord_phone": {
      "type": "string",
      "title": "Phone Number",
      "description": "Phone number for inquiries",
      "pattern": "^(\\+256|0)[0-9]{9}$"
    },
    "landlord_whatsapp": {
      "type": "string",
      "title": "WhatsApp Number (Optional)",
      "description": "WhatsApp number if different from phone"
    },
    "availability_status": {
      "type": "string",
      "title": "Availability Status",
      "oneOf": [
        { "const": "available", "title": "Available Now" },
        { "const": "available_soon", "title": "Available Soon" },
        { "const": "reserved", "title": "Reserved" },
        { "const": "occupied", "title": "Occupied" }
      ]
    }
  },
  "required": [
    "region",
    "district",
    "sub_county",
    "parish",
    "village",
    "title",
    "house_type",
    "num_bedrooms",
    "monthly_rent_ugx",
    "photo_front",
    "landlord_name",
    "landlord_phone",
    "availability_status"
  ]
}
