{
  "type": "SwipeLayout",
  "elements": [
    {
      "type": "Group",
      "label": "Location",
      "elements": [
        {
          "type": "Control",
          "scope": "#/properties/region",
          "options": { "description": "Select the region in Uganda" }
        },
        {
          "type": "Control",
          "scope": "#/properties/district",
          "options": { "description": "Select your district" }
        },
        {
          "type": "Control",
          "scope": "#/properties/county"
        },
        {
          "type": "Control",
          "scope": "#/properties/sub_county"
        },
        {
          "type": "Control",
          "scope": "#/properties/parish"
        },
        {
          "type": "Control",
          "scope": "#/properties/village"
        },
        {
          "type": "Control",
          "scope": "#/properties/specific_address",
          "options": {
            "multi": true
          }
        }
      ]
    },
    {
      "type": "Group",
      "label": "Property Details",
      "elements": [
        {
          "type": "Control",
          "scope": "#/properties/title"
        },
        {
          "type": "Control",
          "scope": "#/properties/house_type"
        },
        {
          "type": "HorizontalLayout",
          "elements": [
            {
              "type": "Control",
              "scope": "#/properties/num_bedrooms"
            },
            {
              "type": "Control",
              "scope": "#/properties/num_bathrooms"
            }
          ]
        },
        {
          "type": "HorizontalLayout",
          "elements": [
            {
              "type": "Control",
              "scope": "#/properties/is_self_contained"
            },
            {
              "type": "Control",
              "scope": "#/properties/is_furnished"
            }
          ]
        },
        {
          "type": "Control",
          "scope": "#/properties/description",
          "options": {
            "multi": true
          }
        }
      ]
    },
    {
      "type": "Group",
      "label": "Amenities",
      "elements": [
        {
          "type": "HorizontalLayout",
          "elements": [
            {
              "type": "Control",
              "scope": "#/properties/has_running_water"
            },
            {
              "type": "Control",
              "scope": "#/properties/has_electricity"
            }
          ]
        },
        {
          "type": "HorizontalLayout",
          "elements": [
            {
              "type": "Control",
              "scope": "#/properties/has_parking"
            },
            {
              "type": "Control",
              "scope": "#/properties/has_security"
            }
          ]
        },
        {
          "type": "HorizontalLayout",
          "elements": [
            {
              "type": "Control",
              "scope": "#/properties/has_compound"
            },
            {
              "type": "Control",
              "scope": "#/properties/has_kitchen"
            }
          ]
        },
        {
          "type": "HorizontalLayout",
          "elements": [
            {
              "type": "Control",
              "scope": "#/properties/has_living_room"
            },
            {
              "type": "Control",
              "scope": "#/properties/has_balcony"
            }
          ]
        }
      ]
    },
    {
      "type": "Group",
      "label": "Pricing",
      "elements": [
        {
          "type": "Control",
          "scope": "#/properties/monthly_rent_ugx"
        },
        {
          "type": "Control",
          "scope": "#/properties/security_deposit_ugx"
        },
        {
          "type": "Control",
          "scope": "#/properties/payment_terms"
        }
      ]
    },
    {
      "type": "Group",
      "label": "Photos",
      "elements": [
        {
          "type": "Control",
          "scope": "#/properties/photo_front"
        },
        {
          "type": "Control",
          "scope": "#/properties/photo_interior"
        },
        {
          "type": "Control",
          "scope": "#/properties/photo_bedroom"
        },
        {
          "type": "Control",
          "scope": "#/properties/photo_bathroom"
        },
        {
          "type": "Control",
          "scope": "#/properties/photo_extra"
        }
      ]
    },
    {
      "type": "Group",
      "label": "Contact & Availability",
      "elements": [
        {
          "type": "Control",
          "scope": "#/properties/landlord_name"
        },
        {
          "type": "Control",
          "scope": "#/properties/landlord_phone"
        },
        {
          "type": "Control",
          "scope": "#/properties/landlord_whatsapp"
        },
        {
          "type": "Control",
          "scope": "#/properties/availability_status"
        },
        {
          "type": "Control",
          "scope": "#/properties/gps_location"
        }
      ]
    }
  ]
}
