{
  "$schema": "https://ode.dev/schemas/app-config-v1.json",
  "name": "RentFreely",
  "version": "1.0.0",
  "theme": {
    "light": {
      "primary":        "#006B5E",
      "primaryLight":   "#4E9D8F",
      "primaryDark":    "#003D33",
      "onPrimary":      "#FFFFFF",

      "secondary":      "#4A6363",
      "secondaryLight": "#7B9393",
      "secondaryDark":  "#223838",
      "onSecondary":    "#FFFFFF",

      "background":     "#F5FBF8",
      "surface":        "#FFFFFF",
      "onBackground":   "#191C1B",
      "onSurface":      "#3F4946",

      "error":          "#BA1A1A",
      "errorLight":     "#FF5449",
      "errorDark":      "#93000A",
      "onError":        "#FFFFFF",

      "warning":        "#E8A317",
      "success":        "#006B5E",
      "info":           "#00639A",

      "divider":        "#C4C7C4"
    },
    "dark": {
      "primary":        "#4E9D8F",
      "primaryLight":   "#80CBC4",
      "primaryDark":    "#006B5E",
      "onPrimary":      "#003D33",

      "secondary":      "#7B9393",
      "secondaryLight": "#A0B4B7",
      "secondaryDark":  "#4A6363",
      "onSecondary":    "#1F3838",

      "background":     "#191C1B",
      "surface":        "#2C302E",
      "onBackground":   "#E0E3E1",
      "onSurface":      "#C4C7C4",

      "error":          "#FF5449",
      "errorLight":     "#FF897D",
      "errorDark":      "#BA1A1A",
      "onError":        "#690005",

      "warning":        "#FFB77C",
      "success":        "#6CDB6C",
      "info":           "#4E9D8F",

      "divider":        "#3F4946"
    }
  }
}
